Approach,MAE,MAPE,RMSE,R2,IA,SDE
Apprahch 1 (Direct),339.694535198921,7.756924686775107e+16,507.4837725291047,0.8556479171975111,0.9598895152304604,505.138769862034
Approach 2 (In-Direct),272.68286342648236,1.8237375911733552e+17,573.3120122282013,0.8157698023959096,0.9476112349268226,563.4251268804721
