Set,MAE,MAPE,RMSE,R2,IA,SDE
Training,334.52328791213495,1.4315029383186371e+17,529.4016396852279,0.8345395706040698,0.9540150275500052,528.9453467478548
Validation,355.2014354100264,4.063426311792616e+16,500.95169780920867,0.8492038967380865,0.9587308361651165,499.864395707489
Test,339.694535198921,7.756924686775107e+16,507.4837725291047,0.8556479171975111,0.9598895152304604,505.138769862034
